<?xml version="1.0"?>
<!DOCTYPE modification SYSTEM "http://www.simplemachines.org/xml/modification">
<!-- - - - - - - - - - - - - - - - - - - - - - - - - - - - - - - - - - - - - - -
	ATTENTION: If you are trying to install this manually, you should try
	the package manager.  If it will not work for you, please take a look
	at the following for information on this format:
		http://mods.simplemachines.org/docs/manual-install.php
 - - - - - - - - - - - - - - - - - - - - - - - - - - - - - - - - - - - - - - -->

<modification xmlns="http://www.simplemachines.org/xml/modification" xmlns:smf="http://www.simplemachines.org/">
	<id>nneonneo:yshoutforsmf</id>
	<version>1.22</version>

	<file name="$boarddir/index.php">
		<operation>
			<search position="after"><![CDATA[// Get everything started up...
define('SMF', 1);]]></search>
			<add><![CDATA[if(isset($_GET['yshout']))
{
	$yshout_from_index=true;
	include_once('yshout/yshout.php');
	exit;
}

]]></add>
		</operation>
	</file>
</modification>
