<?xml version="1.0"?>
<!DOCTYPE package-info SYSTEM "http://www.simplemachines.org/xml/package-info">
<!-- - - - - - - - - - - - - - - - - - - - - - - - - - - - - - - - - - - - - - -
	ATTENTION: If you are trying to install this manually, you should try
	the package manager.  If it will not work for you, please take a look
	at the following for information on this format:
		http://mods.simplemachines.org/docs/manual-install.php
 - - - - - - - - - - - - - - - - - - - - - - - - - - - - - - - - - - - - - - -->

<package-info xmlns="http://www.simplemachines.org/xml/package-info" xmlns:smf="http://www.simplemachines.org/">
	<id>nneonneo:yshoutforsmf</id>
	<name>nneonneo's AJAX ShoutBox</name>
	<version>1.22</version>
	<type>modification</type>

	<install for="1.1.0-1.1.9">
		<readme type="inline"><![CDATA[Permissions Note
Please note that the shoutbox, by default, is accessible only to the admin; to change this, set the appropriate permissions in the admin panel.]]></readme>
		<modification format="xml" type="file">install.xml</modification>
		<modification format="xml" type="file">themes/install-1.1.xml</modification>
		<modification format="xml" type="file">languages/english_all.xml</modification>
		<modification format="xml" type="file">permissions/install-perms-1.1.xml</modification>
		<require-dir name="yshout" destination="$boarddir" />
	</install>

	<install for="2.0 Beta 4-2.9">
		<readme type="inline"><![CDATA[Permissions Note
Please note that the shoutbox, by default, is accessible only to the admin; to change this, set the appropriate permissions in the admin panel.]]></readme>
		<modification format="xml" type="file">install.xml</modification>
		<modification format="xml" type="file">themes/install-2.0b4.xml</modification>
		<modification format="xml" type="file">languages/english_all.xml</modification>
		<modification format="xml" type="file">permissions/install-perms-2.0.xml</modification>
		<require-dir name="yshout" destination="$boarddir" />
	</install>

	<install for="2.0-2.0 Beta 3.1">
		<readme type="inline"><![CDATA[Permissions Note
Please note that the shoutbox, by default, is accessible only to the admin; to change this, set the appropriate permissions in the admin panel.

This install will try to install to other themes, but it will probably be unable to place the shoutbox (it will install the <head> code, however).]]></readme>
		<modification format="xml" type="file">install.xml</modification>
		<modification format="xml" type="file">themes/install-2.0.xml</modification>
		<modification format="xml" type="file">languages/english_all.xml</modification>
		<modification format="xml" type="file">permissions/install-perms-2.0.xml</modification>
		<require-dir name="yshout" destination="$boarddir" />
	</install>


	<upgrade from="1.21" for="1.1.0-1.1.9,2.0-2.9">
		<modification format="xml" type="file">upgrade-from-1.21.xml</modification>
	</upgrade>


	<uninstall for="1.1.0-1.1.9">
		<readme type="inline"><![CDATA[Uninstallation instructions:
If the test fails in the default theme index.template.php, it's not a big problem. After uninstallation (or now, if you want), you can just delete the code between the "// YSHOUT HERE" and "// YSHOUT END" comments in index.template.php -- there should be two such blocks.]]></readme>
		<modification format="xml" type="file" reverse="true">install.xml</modification>
		<modification format="xml" type="file" reverse="true">themes/install-1.1.xml</modification>
		<modification format="xml" type="file" reverse="true">languages/english_all.xml</modification>
		<modification format="xml" type="file" reverse="true">permissions/install-perms-1.1.xml</modification>
		<remove-dir name="yshout" destination="$boarddir" />
	</uninstall>

	<uninstall for="2.0 Beta 4-2.9">
		<readme type="inline"><![CDATA[Uninstallation instructions:
If the test fails in the default theme index.template.php, it's not a big problem. After uninstallation (or now, if you want), you can just delete the code between the "// YSHOUT HERE" and "// YSHOUT END" comments in index.template.php -- there should be two such blocks.]]></readme>
		<modification format="xml" type="file" reverse="true">install.xml</modification>
		<modification format="xml" type="file" reverse="true">themes/install-2.0b4.xml</modification>
		<modification format="xml" type="file" reverse="true">languages/english_all.xml</modification>
		<modification format="xml" type="file" reverse="true">permissions/install-perms-2.0.xml</modification>
		<remove-dir name="$boarddir/yshout" />
	</uninstall>

	<uninstall for="2.0-2.0 Beta 3.1">
		<readme type="inline"><![CDATA[Uninstallation instructions:
If the test fails in the default theme index.template.php, it's not a big problem. After uninstallation (or now, if you want), you can just delete the code between the "// YSHOUT HERE" and "// YSHOUT END" comments in index.template.php -- there should be two such blocks.]]></readme>
		<modification format="xml" type="file" reverse="true">install.xml</modification>
		<modification format="xml" type="file" reverse="true">themes/install-2.0.xml</modification>
		<modification format="xml" type="file" reverse="true">languages/english_all.xml</modification>
		<modification format="xml" type="file" reverse="true">permissions/install-perms-2.0.xml</modification>
		<remove-dir name="yshout" destination="$boarddir" />
	</uninstall>
</package-info>
