<?xml version="1.0"?>
<!DOCTYPE modification SYSTEM "http://www.simplemachines.org/xml/modification">
<!-- - - - - - - - - - - - - - - - - - - - - - - - - - - - - - - - - - - - - - -
	ATTENTION: If you are trying to install this manually, you should try
	the package manager.  If it will not work for you, please take a look
	at the following for information on this format:
		http://mods.simplemachines.org/docs/manual-install.php
 - - - - - - - - - - - - - - - - - - - - - - - - - - - - - - - - - - - - - - -->

<modification xmlns="http://www.simplemachines.org/xml/modification" xmlns:smf="http://www.simplemachines.org/">
	<id>nneonneo:yshoutforsmf</id>
	<version>1.22</version>

	<file name="$boarddir/yshout/yshout.php">
		<operation>
			<search position="replace"><![CDATA[// Version 1.21]]></search>
			<add><![CDATA[// Version 1.22]]></add>
		</operation>

		<operation>
			<search position="replace"><![CDATA[	session_write_close(); // so that future session requests succeed
	$heartBeatSent=false;
	if(!$forceRefresh)
	{
		while((time() - $start_time < $updateTimeout) && ($time==filemtime($chatPath)))
		{
			usleep($updatePeriod*1000);
			// heartbeat - check connection to ensure client is still connected
			echo ' ';
			flush();
			ob_flush();
			$heartBeatSent=true;
			clearstatcache();
		}
	}
	@session_start(); // restart session, so updates to $_SESSION are applied]]></search>
			<add><![CDATA[	$heartBeatSent=false;
	if(!$forceRefresh)
	{
		session_write_close(); // so that future session requests succeed
		while((time() - $start_time < $updateTimeout) && ($time==filemtime($chatPath)))
		{
			usleep($updatePeriod*1000);
			// heartbeat - check connection to ensure client is still connected
			echo ' ';
			flush();
			ob_flush();
			$heartBeatSent=true;
			clearstatcache();
		}
		@session_start(); // restart session, so updates to $_SESSION are applied
	}]]></add>
		</operation>
	</file>


	<file name="$boarddir/yshout/js/yshout.js">
		<operation>
			<search position="replace"><![CDATA[// Version 1.21]]></search>
			<add><![CDATA[// Version 1.22]]></add>
		</operation>

		<operation>
			<search position="replace"><![CDATA[function complex_escape(text) {
	return escape(textToEntities(text.replace(/&#/g, "&#38;#"))).replace(/\+/g, "%2B");
}]]></search>
			<add><![CDATA[function complex_escape(text) {
	if(window.textToEntities == undefined) {
		return text.replace(/&#/g, "&#38;#").php_to8bit().php_urlencode();
	} else {
		return escape(textToEntities(text.replace(/&#/g, "&#38;#"))).replace(/\+/g, "%2B");
	}
}]]></add>
		</operation>
	</file>
</modification>