<?xml version="1.0"?>
<!DOCTYPE modification SYSTEM "http://www.simplemachines.org/xml/modification">
<!-- - - - - - - - - - - - - - - - - - - - - - - - - - - - - - - - - - - - - - -
	ATTENTION: If you are trying to install this manually, you should try
	the package manager.  If it will not work for you, please take a look
	at the following for information on this format:
		http://mods.simplemachines.org/docs/manual-install.php
 - - - - - - - - - - - - - - - - - - - - - - - - - - - - - - - - - - - - - - -->

<modification xmlns="http://www.simplemachines.org/xml/modification" xmlns:smf="http://www.simplemachines.org/">
	<id>nneonneo:yshoutforsmf</id>
	<version>1.22</version>

	<file name="$sourcedir/ManagePermissions.php">
		<operation>
			<search position="after"><![CDATA[	// This is just a helpful array of permissions guests... cannot have.]]></search>
			<add><![CDATA[	// YSHOUT HERE - permissions
	$permissionList['membergroup']['yshout'] = array('yshout_view' => false, 'yshout_post' => false, 'yshout_moderate' => false);
	// YSHOUT END - permissions

]]></add>
		</operation>
	</file>
</modification>
