<?xml version="1.0"?>
<!DOCTYPE modification SYSTEM "http://www.simplemachines.org/xml/modification">
<!-- - - - - - - - - - - - - - - - - - - - - - - - - - - - - - - - - - - - - - -
	ATTENTION: If you are trying to install this manually, you should try
	the package manager.  If it will not work for you, please take a look
	at the following for information on this format:
		http://mods.simplemachines.org/docs/manual-install.php
 - - - - - - - - - - - - - - - - - - - - - - - - - - - - - - - - - - - - - - -->

<modification xmlns="http://www.simplemachines.org/xml/modification" xmlns:smf="http://www.simplemachines.org/">
	<id>nneonneo:yshoutforsmf</id>
	<version>1.22</version>

	<file name="$sourcedir/ManagePermissions.php">
		<operation>
			<search position="before"><![CDATA['profile_remote_avatar' => array(false, 'profile', 'use_avatar'),
]]></search>
			<add><![CDATA[			// YSHOUT HERE - permissions
			'yshout_view' => array(false, 'yshout', 'yshout'),
			'yshout_post' => array(false, 'yshout', 'yshout'),
			'yshout_moderate' => array(false, 'yshout', 'yshout'),
			// YSHOUT END - permissions
]]></add>
		</operation>
	</file>
</modification>
