<?xml version="1.0"?>
<!DOCTYPE package-info SYSTEM "http://www.simplemachines.org/xml/package-info">
<package-info xmlns="http://www.simplemachines.org/xml/package-info" xmlns:smf="http://www.simplemachines.org/">
	<id>wdm2005:2sichat</id>
	<name>SA Chat</name>
	<version>Beta 4-1 Rev43</version>
	<type>modification</type>
	
<install>
	<readme parsebbc="true">readme.txt</readme>
	<code>db.php</code>
	<!--<modification format="xml" type="file">install.xml</modification>-->
     <require-dir name="sachat" destination="$boarddir" />
	<require-dir name="Sources" destination="$boarddir" />
	<require-dir name="Themes" destination="$boarddir" />
</install>
<uninstall>
	<!--<modification reverse="true">install.xml</modification>-->
	<code>remove_hooks.php</code>
	<remove-dir name="$boarddir/sachat" />
	<remove-file name="$sourcedir/sachatAdmin.php" />
	<remove-file name="$themedir/sachat.template.php" />
</uninstall>
</package-info>
