<?xml version="1.0"?>
<!DOCTYPE modification SYSTEM "http://www.simplemachines.org/xml/modification">
<!-- - - - - - - - - - - - - - - - - - - - - - - - - - - - - - - - - - - - - - -
	ATTENTION: If you are trying to install this manually, you should try
	the package manager.  If it will not work for you, please take a look
	at the following for information on this format:
		http://mods.simplemachines.org/docs/manual-install.php
 - - - - - - - - - - - - - - - - - - - - - - - - - - - - - - - - - - - - - - -->

<modification xmlns="http://www.simplemachines.org/xml/modification" xmlns:smf="http://www.simplemachines.org/">
	<id>nneonneo:yshoutforsmf</id>
	<version>1.22</version>

	<file name="$themedir/index.template.php">
		<operation>
			<search position="before"><![CDATA[// If we're in a board, or a topic for that matter, the index will be the board's index.
	if (!empty($context['current_board']))
		echo '
	<link rel="index" href="' . $scripturl . '?board=' . $context['current_board'] . '.0" />';
]]></search>
			<add><![CDATA[
	// YSHOUT HERE - <head> code
	global $boardurl,$shoutFile;
	$shoutFile='home';
	$scripturlparsed = parse_url($scripturl);
	$scriptpath=isset($scripturlparsed['path'])?$scripturlparsed['path']:'/';
	$args='';
	foreach($_GET as $key => $value) // passthrough $_GET
		$args.='&'.urlencode($key).'='.urlencode($value);
	echo '
	<script src="',$boardurl,'/yshout/js/moo.ajax.js" type="text/javascript"></script>
	<script src="',$boardurl,'/yshout/settings.js" type="text/javascript"></script>
	<script type="text/javascript"><!-- // --><!]]><![CDATA[[CDATA[
	window.onload=function(){loadChat();};
	var shoutFile="',$shoutFile,'";
	var yshout_php="',$scriptpath,'?yshout',$args,'";
	// ]]]]><![CDATA[></script>
	<script src="',$boardurl,'/yshout/js/yshout.js?July062008" type="text/javascript"></script>
	<style type="text/css">
		#yshout {
			font-size: 10px;
			overflow: hidden;
		}
		#yshout #yshout-toollinks { /* tool links (History, Commands, etc.) */
		}
		#yshout #shouts { /* main shouts area */
		}
		#yshout .shout { /* one shout */
			margin: 0 0 0; /* Top Bottom Linespacing */
			line-height: 1;
		}
		#yshout .shout-timestamp {
			font-style: normal;
			font-weight: normal;
		}
		#yshout .shout-adminlinks { /* del and ban buttons */
			font-size: 6pt;
			color: #141414;
		}
		#yshout #shout-form {
			margin: 0;
			padding: 0;
		}
		#yshout #shout-form fieldset {
			border: none;
		}
		#yshout #forum-name {
			color: #666666;
			width: 70px;
			margin-right: 5px;
		}
		#yshout #shout-text {
			width: 310px;
			margin-right: 5px;
		}
		#yshout #shout-button {
			width: 55px;
		}
		#yshout .shout-invalid { /* invalid shout (shout textbox) */
			background: #FFFDD1;
		}
	</style>';
	// YSHOUT END - <head> code
]]></add>
		</operation>

		<operation error="ignore">
			<search position="before"><![CDATA[
									<input type="hidden" name="hash_passwrd" value="" />
								</form>';
	}
]]></search>
			<add><![CDATA[	// YSHOUT HERE - shoutbox code
	global $txt,$context,$boarddir;
	if(allowedTo('yshout_view'))
	{
		echo '<br /><b>',$txt['yshout_shoutbox'],'</b><br /><br />';
		echo '<div id="yshout">';
		include_once($boarddir.'/yshout/yshout.php');
		echo '</div>';
	}
	elseif($context['user']['is_guest'])
		echo $txt['yshout_no_guests'];
	// YSHOUT END - shoutbox code
]]></add>
		</operation>
	</file>
</modification>
