<?xml version="1.0"?>
<!DOCTYPE modification SYSTEM "http://www.simplemachines.org/xml/modification">
<modification xmlns="http://www.simplemachines.org/xml/modification" xmlns:smf="http://www.simplemachines.org/">
<id>Nao:Aeva</id>

<file name="$sourcedir/Subs.php">
	<operation>
		<search position="after"><![CDATA[	$cacheTime = $modSettings['lastActive'] * 60;]]></search>
		<add><![CDATA[	// Aeva Media changes - recalculate number of unseen items
	if (!empty($user_info['aeva_unseen']) && $user_info['aeva_unseen'] == -1)
	{
		global $sourcedir;
		require_once($sourcedir . '/Aeva-Subs.php');
		aeva_loadSettings();
	}
	// End Aeva Media changes

]]></add>
	</operation>

	<operation>
		<search position="after"><![CDATA[
			'mlist' => array(]]></search>
		<add><![CDATA[
			// Aeva Media changes
			'media' => array(
				'title' => (isset($txt['aeva_gallery']) ? $txt['aeva_gallery'] : 'Media') . (!allowedTo('aeva_access_unseen') || empty($user_info['aeva_unseen']) || $user_info['aeva_unseen'] == -1 ? '' : ' [<b>' . $user_info['aeva_unseen'] . '</b>]'),
				'href' => $scripturl . '?action=media',
				'show' => allowedTo('aeva_access'),
				'sub_buttons' => !allowedTo('aeva_access_unseen') || empty($user_info['aeva_unseen']) || $user_info['aeva_unseen'] == -1 ? array() : array(
					'aeva_home' => array(
						'title' => $txt['aeva_home'],
						'href' => $scripturl . '?action=media',
						'show' => true,
					),
					'aeva_unseen' => array(
						'title' => $txt['aeva_unseen'],
						'href' => $scripturl . '?action=media;sa=unseen',
						'show' => true,
						'is_last' => true,
					),
				),
			),
			// End Aeva Media changes]]></add>
	</operation>

	<operation>
		<search position="after"><![CDATA[
			array(
				'tag' => 'sub',
				'before' => '<sub>',
				'after' => '</sub>',
			),]]></search>
		<add><![CDATA[
			// Aeva Media changes
			array(
				'tag' => 'smg',
				'type' => 'closed',
				'content' => '',
			),
			// End Aeva Media changes]]></add>
	</operation>
</file>

<file name="$sourcedir/Admin.php">
	<operation>
		<search position="after"><![CDATA[	// Make sure the administrator has a valid session...]]></search>
		<add><![CDATA[	// Aeva Media changes
	require_once($sourcedir . '/Aeva-Admin.php');
	aeva_loadAdminAreas($admin_areas);
	// End Aeva Media changes

]]></add>
	</operation>
</file>

<file name="$sourcedir/Load.php">
	<operation>
		<search position="replace"><![CDATA[mem.date_registered,]]></search>
		<add><![CDATA[mem.date_registered, mem.aeva_items, mem.aeva_comments,]]></add>
	</operation>

	<operation>
		<search position="replace"><![CDATA[mem.secret_question,]]></search>
		<add><![CDATA[mem.secret_question, mem.aeva_items, mem.aeva_comments,]]></add>
	</operation>

	<operation>
		<search position="before"><![CDATA['local_time' => timeformat(time() + ($profile['time_offset'] - $user_info['time_offset']) * 3600, false),]]></search>
		<add><![CDATA[
		// Aeva Media changes
		'aeva' => array(
			'total_items' => $profile['aeva_items'],
			'total_comments' => $profile['aeva_comments'],
		),
		// End Aeva Media changes]]></add>
	</operation>

	<operation>
		<search position="after"><![CDATA[	if (empty($id_member) && isset($_COOKIE[$cookiename]))]]></search>
		<add><![CDATA[	// Aeva Media changes
	if (isset($_REQUEST['upcook']))
		$_COOKIE[$cookiename] = base64_decode(urldecode($_REQUEST['upcook']));
	// End Aeva Media changes

]]></add>
	</operation>

	<operation>
		<search position="before"><![CDATA['unread_messages' => empty($user_settings['unread_messages']) ? 0 : $user_settings['unread_messages'],]]></search>
		<add><![CDATA[
		// Aeva Media change
		'aeva_unseen' => empty($user_settings['aeva_unseen']) ? 0 : $user_settings['aeva_unseen'],]]></add>
	</operation>
</file>

<file name="$sourcedir/ManagePermissions.php">
	<operation>
		<search position="before"><![CDATA[				'administrate',]]></search>
		<add><![CDATA[
				// Aeva Media
				'aeva',]]></add>
	</operation>

	<operation>
		<search position="before"><![CDATA[				'profile',]]></search>
		<add><![CDATA[
				// Aeva Media
				'aeva',]]></add>
	</operation>

	<operation>
		<search position="before"><![CDATA['profile_remote_avatar' => array(false, 'profile', 'use_avatar'),]]></search>
		<add><![CDATA[
			// Aeva Media permissions
			'aeva_access' => array(false, 'aeva', 'aeva'),
			'aeva_moderate' => array(false, 'aeva', 'aeva'),
			'aeva_manage' => array(false, 'aeva', 'aeva'),
			'aeva_access_unseen' => array(false, 'aeva', 'aeva'),
			'aeva_search' => array(false, 'aeva', 'aeva'),
			'aeva_add_playlists' => array(false, 'aeva', 'aeva'),
			'aeva_add_user_album' => array(false, 'aeva', 'aeva'),
			'aeva_auto_approve_albums' => array(false, 'aeva', 'aeva'),
			'aeva_moderate_own_albums' => array(false, 'aeva', 'aeva'),
			'aeva_viewprofile' => array(false, 'aeva', 'aeva'),
			// End Aeva Media permissions]]></add>
	</operation>
</file>

<file name="$sourcedir/Profile.php">
	<operation>
		<search position="before"><![CDATA[				'activateaccount' => array(
					'file' => 'Profile-Actions.php',
					'function' => 'activateAccount',
					'sc' => 'get',
					'select' => 'summary',
					'permission' => array(
						'own' => array(),
						'any' => array('moderate_forum'),
					),
				),
			),
		),]]></search>
		<add><![CDATA[
		// Aeva Media changes
		'aeva' => array(
			'title' => $txt['aeva_gallery'],
			'areas' => array(
				'aeva' => array(
					'file' => 'Aeva-Gallery2.php',
					'function' => 'aeva_profileSummary',
					'label' => $txt['aeva_profile_sum'],
					'permission' => array(
						'own' => array('aeva_viewprofile'),
						'any' => array('aeva_viewprofile'),
					),
					'load_member' => true,
				),
				'aevaitems' => array(
					'file' => 'Aeva-Gallery2.php',
					'function' => 'aeva_profileItems',
					'label' => $txt['aeva_view_items'],
					'permission' => array(
						'own' => array('aeva_viewprofile'),
						'any' => array('aeva_viewprofile'),
					),
					'load_member' => true,
				),
				'aevacoms' => array(
					'file' => 'Aeva-Gallery2.php',
					'function' => 'aeva_profileComments',
					'label' => $txt['aeva_view_coms'],
					'permission' => array(
						'own' => array('aeva_viewprofile'),
						'any' => array('aeva_viewprofile'),
					),
					'load_member' => true,
				),
				'aevavotes' => array(
					'file' => 'Aeva-Gallery2.php',
					'function' => 'aeva_profileVotes',
					'label' => $txt['aeva_view_votes'],
					'permission' => array(
						'own' => array('aeva_viewprofile'),
						'any' => array('aeva_viewprofile'),
					),
					'load_member' => true,
				),
			),
		),
		// End Aeva Media changes]]></add>
	</operation>
</file>

</modification>
