<?xml version="1.0"?>
<!DOCTYPE modification SYSTEM "http://www.simplemachines.org/xml/modification">
<modification xmlns="http://www.simplemachines.org/xml/modification" xmlns:smf="http://www.simplemachines.org/">
<id>Nao:Aeva</id>

<file name="$boarddir/index.php">
	<operation>
		<search position="after"><![CDATA[	// Here's the monstrous $_REQUEST['action'] array - $_REQUEST['action'] => array($file, $function).]]></search>
		<add><![CDATA[	// Aeva Media Changes
	if (isset($_REQUEST['action'], $_REQUEST['area']) && $_REQUEST['action'] == 'admin' && substr($_REQUEST['area'], 0, 4) == 'aeva')
	{
		require_once($sourcedir . '/Aeva-Admin.php');
		return 'aeva_admin_init';
	}
	// End Aeva Media changes

]]></add>
	</operation>
</file>

<file name="$sourcedir/Subs.php">
	<operation>
		<search position="after"><![CDATA[	// Make sure the administrator has a valid session...]]></search>
		<add><![CDATA[	// Aeva Media changes
	global $sourcedir;
	require_once($sourcedir . '/Aeva-Admin.php');
	aeva_loadAdminAreas($context['admin_areas']);
	// End Aeva Media changes

]]></add>
	</operation>
</file>

<file name="$sourcedir/Load.php">
	<operation>
		<search position="replace"><![CDATA[mem.dateRegistered,]]></search>
		<add><![CDATA[mem.dateRegistered, mem.aeva_items, mem.aeva_comments,]]></add>
	</operation>

	<operation>
		<search position="replace"><![CDATA[mem.secretQuestion,]]></search>
		<add><![CDATA[mem.secretQuestion, mem.aeva_items, mem.aeva_comments,]]></add>
	</operation>

	<operation>
		<search position="before"><![CDATA['local_time' => timeformat(time() + ($profile['timeOffset'] - $user_info['time_offset']) * 3600, false),]]></search>
		<add><![CDATA[
		'aeva' => array(
			'total_items' => $profile['aeva_items'],
			'total_comments' => $profile['aeva_comments'],
		),]]></add>
	</operation>

	<operation>
		<search position="after"><![CDATA[	if (empty($ID_MEMBER) && isset($_COOKIE[$cookiename]))]]></search>
		<add><![CDATA[	// Aeva Media
	if (isset($_REQUEST['upcook']))
		$_COOKIE[$cookiename] = base64_decode(urldecode($_REQUEST['upcook']));

]]></add>
	</operation>

	<operation>
		<search position="before"><![CDATA['unread_messages' => empty($user_settings['unreadMessages']) ? 0 : $user_settings['unreadMessages'],]]></search>
		<add><![CDATA[
		'aeva_unseen' => empty($user_settings['aeva_unseen']) ? 0 : $user_settings['aeva_unseen'],]]></add>
	</operation>
</file>

<file name="$sourcedir/ManagePermissions.php">
	<operation>
		<search position="after"><![CDATA[			'profile' => array(]]></search>
		<add><![CDATA[			// Aeva Media changes
			'aeva' => array(
				'aeva_access' => false,
				'aeva_moderate' => false,
				'aeva_manage' => false,
				'aeva_access_unseen' => false,
				'aeva_search' => false,
				'aeva_add_playlists' => false,
				'aeva_add_user_album' => false,
				'aeva_auto_approve_albums' => false,
				'aeva_moderate_own_albums' => false,
				'aeva_viewprofile' => false,
			),
			// End Aeva Media changes
]]></add>
	</operation>
</file>

<file name="$themedir/index.template.php">
	<operation>
		<search position="after"><![CDATA[	// the [member] list button]]></search>
		<add><![CDATA[	// Aeva Media
	// Recalculate number of unseen items
	global $user_info;

	if (!empty($user_info['aeva_unseen']) && $user_info['aeva_unseen'] == -1)
	{
		global $sourcedir;
		require_once($sourcedir . '/Aeva-Subs.php');
		aeva_loadSettings();
	}

	$aeva_unseen = !allowedTo('aeva_access_unseen') || empty($user_info['aeva_unseen']) || $user_info['aeva_unseen'] == -1 ? 0 : $user_info['aeva_unseen'];

	if (allowedTo('aeva_access'))
		echo ($current_action == 'media' || $context['browser']['is_ie4']) ? '<td class="maintab_active_' . $first . '">&nbsp;</td>' : '', '
				<td valign="top" class="maintab_', $current_action == 'media' ? 'active_back' : 'back', '">
					<a href="', $scripturl, '?action=media">', isset($txt['aeva_gallery']) ? $txt['aeva_gallery'] : 'Media', $aeva_unseen ? '</a> <a href="' . $scripturl . '?action=media;sa=unseen">[<b>' . $aeva_unseen . '</b>]' : '', '</a>
				</td>', $current_action == 'media' ? '<td class="maintab_active_' . $last . '">&nbsp;</td>' : '';

]]></add>
	</operation>

	<operation>
		<search position="after"><![CDATA[	if ($context['current_action'] == 'theme')]]></search>
		<add><![CDATA[	if ($context['current_action'] == 'media')
		$current_action = 'media';
]]></add>
	</operation>
</file>

<file name="$sourcedir/Profile.php">
	<operation>
		<search position="before"><![CDATA['deleteAccount' => array(array('profile_remove_any', 'profile_remove_own'), array('profile_remove_any')),]]></search>
		<add><![CDATA[
		'aeva' => array(array('aeva_viewprofile'), array('aeva_viewprofile')),
		'aevaitems' => array(array('aeva_viewprofile'), array('aeva_viewprofile')),
		'aevacoms' => array(array('aeva_viewprofile'), array('aeva_viewprofile')),
		'aevavotes' => array(array('aeva_viewprofile'), array('aeva_viewprofile')),]]></add>
	</operation>

	<operation>
		<search position="after"><![CDATA[// This is here so the menu won't be shown unless it's actually needed.]]></search>
		<add><![CDATA[// Aeva Media changes
		if (allowedTo('aeva_viewprofile'))
		{
			$context['profile_areas']['aeva'] = array(
				'title' => $txt['aeva_gallery'],
				'areas' => array(
					'sum' => '<a href="'.$scripturl.'?action=profile;u='.$memID.';sa=aeva">'.$txt['aeva_profile_sum'].'</a>',
					'items' => '<a href="'.$scripturl.'?action=profile;u='.$memID.';sa=aevaitems">'.$txt['aeva_view_items'].'</a>',
					'coms' => '<a href="'.$scripturl.'?action=profile;u='.$memID.';sa=aevacoms">'.$txt['aeva_view_coms'].'</a>',
					'votes' => '<a href="'.$scripturl.'?action=profile;u='.$memID.';sa=aevavotes">'.$txt['aeva_view_votes'].'</a>',
				),
			);
		}
		// End Aeva Media changes
		]]></add>
	</operation>

	<operation>
		<search position="end" />
		<add><![CDATA[
function aeva($memID)
{
	global $sourcedir;
	require_once($sourcedir . '/Aeva-Gallery2.php');
	aeva_profileSummary($memID);
}
function aevaitems($memID)
{
	global $sourcedir;
	require_once($sourcedir . '/Aeva-Gallery2.php');
	aeva_profileItems($memID);
}
function aevacoms($memID)
{
	global $sourcedir;
	require_once($sourcedir . '/Aeva-Gallery2.php');
	aeva_profileComments($memID);
}
function aevavotes($memID)
{
	global $sourcedir;
	require_once($sourcedir . '/Aeva-Gallery2.php');
	aeva_profileVotes($memID);
}
]]></add>
	</operation>

	<operation>
		<search position="before"><![CDATA[		'website' => array(
			'title' => !isset($user_profile[$memID]['websiteTitle']) ? '' : $user_profile[$memID]['websiteTitle'],
			'url' => !isset($user_profile[$memID]['websiteUrl']) ? '' : $user_profile[$memID]['websiteUrl'],
		),]]></search>
		<add><![CDATA[      'aeva' => array(
         'total_items' => @$user_profile[$memID]['aeva_items'],
         'total_comments' => @$user_profile[$memID]['aeva_comments'],
      ),]]></add>
	</operation>
</file>

</modification>