<?xml version="1.0"?>
<!DOCTYPE package-info SYSTEM "http://www.simplemachines.org/xml/package-info">
<package-info xmlns="http://www.simplemachines.org/xml/package-info" xmlns:smf="http://www.simplemachines.org/">
	<name>Aeva Media</name>
	<id>Nao:Aeva</id>
	<version>1.4w</version>
	<homepage>http://aeva.noisen.com</homepage>
	<type>modification</type>
	<install for="2.0 - 2.99.99">
		<code>db_aeva.php</code>
		<modification>install-both.xml</modification>
		<modification>install-2.0.xml</modification>
		<readme type="file" parsebbc="true">intro.txt</readme>
		<require-dir name="Sources" destination="$boarddir" />
		<require-dir name="Themes" destination="$boarddir" />
		<require-dir name="mgal_data" destination="$boarddir" />
		<require-file name="MGalleryItem.php" destination="$boarddir" />
		<require-file name="expressInstall.swf" destination="$boarddir" />
		<redirect url="index.php?action=admin;area=aeva_about" timeout="30000">redirect.txt</redirect>
	</install>
	<uninstall for="2.0 - 2.99.99">
		<modification reverse="true">install-both.xml</modification>
		<modification reverse="true">install-2.0.xml</modification>
		<remove-file name="$sourcedir/Aeva-Admin.php" />
		<remove-file name="$sourcedir/Aeva-Admin2.php" />
		<remove-file name="$sourcedir/Aeva-Admin3.php" />
		<remove-file name="$sourcedir/Aeva-Embed.php" />
		<remove-file name="$sourcedir/Aeva-Exif.php" />
		<remove-file name="$sourcedir/Aeva-Gallery.php" />
		<remove-file name="$sourcedir/Aeva-Gallery2.php" />
		<remove-file name="$sourcedir/Aeva-Media.php" />
		<remove-file name="$sourcedir/Aeva-ModCP.php" />
		<remove-file name="$sourcedir/Aeva-Sites-Custom-Example.php" />
		<remove-file name="$sourcedir/Aeva-Subs.php" />
		<remove-file name="$sourcedir/Aeva-Subs-Vital.php" />
		<remove-dir name="$sourcedir/Aeva-getid3" />
		<remove-dir name="$themedir/aeva" />
		<remove-dir name="$themedir/images/aeva" />
		<remove-file name="$themedir/Aeva.template.php" />
		<remove-file name="$languagedir/Aeva.english.php" />
		<remove-file name="$languagedir/Aeva.french.php" />
		<remove-file name="$languagedir/Aeva.french-utf8.php" />
		<remove-file name="$boarddir/MGalleryItem.php" />
		<remove-file name="$boarddir/expressInstall.swf" />
	</uninstall>
	<install for="1.1.1 - 1.1.99">
		<code>db_aeva.php</code>
		<modification>install-both.xml</modification>
		<modification>install-1.1.xml</modification>
		<readme type="file" parsebbc="true">intro.txt</readme>
		<require-dir name="Sources" destination="$boarddir" />
		<require-dir name="Themes" destination="$boarddir" />
		<require-dir name="mgal_data" destination="$boarddir" />
		<require-file name="MGalleryItem.php" destination="$boarddir" />
		<require-file name="expressInstall.swf" destination="$boarddir" />
		<redirect url="index.php?action=admin;area=aeva_about" timeout="30000">redirect.txt</redirect>
	</install>
	<uninstall for="1.1.1 - 1.1.99">
		<modification reverse="true">install-both.xml</modification>
		<modification reverse="true">install-1.1.xml</modification>
		<remove-file name="$sourcedir/Aeva-Admin.php" />
		<remove-file name="$sourcedir/Aeva-Admin2.php" />
		<remove-file name="$sourcedir/Aeva-Admin3.php" />
		<remove-file name="$sourcedir/Aeva-Embed.php" />
		<remove-file name="$sourcedir/Aeva-Exif.php" />
		<remove-file name="$sourcedir/Aeva-Gallery.php" />
		<remove-file name="$sourcedir/Aeva-Gallery2.php" />
		<remove-file name="$sourcedir/Aeva-Media.php" />
		<remove-file name="$sourcedir/Aeva-ModCP.php" />
		<remove-file name="$sourcedir/Aeva-Sites-Custom-Example.php" />
		<remove-file name="$sourcedir/Aeva-Subs.php" />
		<remove-file name="$sourcedir/Aeva-Subs-Vital.php" />
		<remove-dir name="$sourcedir/Aeva-getid3" />
		<remove-dir name="$themedir/aeva" />
		<remove-dir name="$themedir/images/aeva" />
		<remove-file name="$themedir/Aeva.template.php" />
		<remove-file name="$languagedir/Aeva.english.php" />
		<remove-file name="$languagedir/Aeva.french.php" />
		<remove-file name="$languagedir/Aeva.french-utf8.php" />
		<remove-file name="$boarddir/MGalleryItem.php" />
		<remove-file name="$boarddir/expressInstall.swf" />
	</uninstall>
</package-info>